name,nickname
abayomi,yomi
abdoulaye,abdou
abigail,abbie
abigail,abby
abigail,abi
abimbola,bimbo
abraham,abe
abraham,abram
abraham,avi
abraham,braam
abraham,bram
abram,abe
adalbert,bert
adebayo,bayo
adedapo,dapo
adedayo,dayo
adelheid,heidi
adeline,addie
adeniyi,niyi
adeola,ade
adolf,adi
adolf,dolf
adolfo,fito
adolph,al
adolph,dolph
adolphus,dolph
adriaan,aad
adriaan,ad
adriaan,attie
adrian,adi
adrian,adie
adrianus,aad
adrianus,ad
adrianus,adri
adrianus,adrie
adrianus,arie
adrián,adri
adélaïde,adèle
agnes,aggie
agostino,tino
agustina,tina
aikaterini,katerina
ajibola,bola
alan,al
alastair,al
alastair,ally
albert,ab
albert,al
albert,albie
albert,bert
albert,bertie
albertina,tina
alberto,al
alberto,albert
alberto,berto
alberto,betinho
alberto,beto
albertus,ab
albertus,albert
albertus,bert
alejandro,ale
alejandro,alex
alejandro,jandro
alejandro,jano
alejandro,álex
aleksandar,aca
aleksandar,aco
aleksandar,aleks
aleksandar,saša
aleksander,aleks
aleksander,alex
aleksander,olek
aleksandr,sasha
aleksandra,ola
aleksandra,sasha
aleksandra,shura
alessandro,alex
alessandro,sandro
alexander,alec
alexander,alex
alexander,lex
alexander,sander
alexander,sandy
alexander,sascha
alexander,sasha
alexander,xander
alexander,zander
alexandra,aleka
alexandra,alex
alexandra,alexa
alexandra,ali
alexandra,allie
alexandra,ally
alexandra,lexi
alexandra,lexie
alexandra,sandra
alexandra,sandy
alexandra,sasha
alexandre,alex
alexandre,sandro
alexandre,xande
alexandrea,alex
alexandria,allie
alexandros,alekos
alexandros,alex
alexandros,alexis
alexandru,alex
alexandru,sandu
alexis,alex
alexis,lex
alexis,lexi
alexis,lexie
alfons,fons
alfonso,poncho
alfred,al
alfred,alf
alfred,alfie
alfred,fred
alfred,freddie
alfred,freddy
alfred,fredi
alfreda,freda
alfredo,al
alfredo,alfred
alfredo,fred
alfredo,freddie
algernon,algie
algernon,algy
alison,ali
alistair,ali
alistair,ally
allan,al
allen,al
allison,allie
alonzo,lon
alonzo,lonnie
alphonse,al
alvin,al
alyson,aly
amanda,mandy
ambrose,amby
amelia,amy
amelia,millie
americo,rico
amirhossein,amir
ana,anita
anastasia,nastia
anastasia,nastya
anastasia,natasa
anastasios,tasos
andrea,andi
andrea,andy
andreas,andi
andreas,andré
andreas,andy
andrew,andie
andrew,andy
andrew,drew
andries,dries
andré,dédé
angela,angie
angelica,angie
angelina,angel
angelina,angie
angus,gus
ann,annie
anna,ania
anna,anni
anna,annie
anna,ans
anna,anya
annabel,annie
anne,annie
annette,annie
anthony,ant
anthony,anto
anthony,tony
antoine,toine
antoinette,nettie
antoinette,toni
anton,ton
anton,toni
antoni,toni
antonia,toni
antonia,tonia
antonina,nina
antonino,nino
antonio,antoñito
antonio,toni
antonio,tonino
antonio,tony
antonio,toñito
antonio,toño
antonios,antonis
antonius,ton
antonius,tony
antonius,toon
antony,tony
antónio,toni
antónio,tó
antônio,tom
antônio,tonho
antônio,toninho
anuradha,anu
arabella,bella
arabella,belle
archibald,arch
archibald,archie
ariel,ari
ariel,arik
armando,mando
arnold,arne
arnold,arnie
arnold,arno
arnold,nol
arnoldus,arno
arnoldus,arnold
arthur,art
arthur,artie
ashley,ash
athanasios,nasos
athanasios,sakis
athanasios,thanasis
athanasios,thanos
august,augie
august,gus
augusta,gussie
augustine,gus
augustinus,guus
augusto,gus
augusto,guto
augustus,gus
avraham,avi
ayodeji,deji
ayodele,ayo
ayodele,dele
babajide,jide
babatunde,tunde
bamidele,dele
barbara,barb
barbara,barbie
barbara,basia
barbara,bobbi
barend,barry
barend,ben
barnaby,barney
barry,baz
bartholomeus,bart
bartholomew,bart
bartłomiej,bartek
beatrice,bea
beatrice,bice
beatrix,trixi
beatriz,bea
beatriz,betty
beatriz,bia
belinda,lindy
ben,benny
benedict,ben
benedict,benny
benedictus,ben
benedito,benê
benito,ben
benjamin,ben
benjamin,benj
benjamin,benji
benjamin,benjie
benjamin,bennie
benjamin,benny
benjamín,benji
bennett,ben
bennett,benny
bernadette,bernie
bernard,barney
bernard,ben
bernard,bernie
bernardo,bernie
bernardus,ben
bernardus,bernard
bernhard,bernd
berthold,bert
bertram,bert
bertram,bertie
bertrand,bert
bethany,beth
beverley,bev
beverly,bev
binyamin,benny
bo,bosse
bonita,bonnie
borislav,bora
borislav,boro
božidar,božo
bradford,brad
bradley,brad
branimir,branko
branislav,bane
branislav,branko
bridget,biddy
brittany,brit
brittany,britt
bruno,bruninho
buenaventura,ventura
calogero,lillo
calvin,cal
cameron,cam
cameron,cammy
camilla,millie
camilla,milly
campbell,cam
candace,candi
candace,candy
carl,calle
carl,carlo
carlo,carletto
carlos,cacá
carlos,carlinhos
carlos,carlito
carlos,carlitos
carlos,charlie
carlos,charly
carolina,carol
carolina,lina
caroline,caro
caroline,carol
caroline,carrie
caroline,lina
carolyn,carol
carolyn,carrie
casimir,cas
cassandra,cassie
catharina,toos
catharine,kate
catharine,kitty
catherine,cat
catherine,cath
catherine,cathie
catherine,cathy
catherine,kate
catherine,katie
catherine,katy
catherine,kay
catherine,kit
catherine,kitty
cathleen,cathy
cecelia,cece
cecil,cec
cecilia,ceci
cecilia,celia
cecilia,cissi
cedric,ced
chadwick,chad
chandler,chan
charalambos,babis
charalampos,babis
charalampos,charis
charlene,charlie
charles,charley
charles,charlie
charles,charly
charles,chas
charles,chaz
charles,chic
charles,chick
charles,chip
charles,chuck
charlotta,lotta
charlotte,charli
charlotte,charlie
charlotte,lotta
charlotte,lotte
charlotte,lottie
chester,ches
chester,chet
christiaan,chris
christian,chris
christina,chrissy
christina,christy
christina,tina
christine,chris
christine,chrissie
christine,chrissy
christine,christy
christine,tina
christoffel,christo
christoffer,chris
christoph,chris
christopher,chris
christopher,christie
christopher,christy
christopher,kit
christopher,topher
chukwuemeka,emeka
clarence,clare
clarence,clarrie
clarissa,clara
clayton,clay
clement,clem
clifford,cliff
clifton,cliff
clinton,clint
cláudio,claudinho
colin,col
concepcion,connie
concepción,concha
concepción,conchita
concetta,connie
conrad,con
conrad,connie
constance,connie
constantin,costel
constantin,costică
constantin,dinu
constantin,titi
constantine,con
constantinos,costas
constantinos,kostas
consuelo,chelo
consuelo,connie
cornelia,conny
cornelia,cor
cornelia,corrie
cornelia,nellie
cornelis,cees
cornelis,cor
cornelis,kees
corneliu,cornel
cornelius,con
cornelius,connie
cornelius,cor
cornelius,corny
cornelius,neil
crispin,cris
cristiano,cris
cristina,cris
cristina,tina
curtis,curt
cynthia,cindy
cynthia,cyndy
cyril,cy
cyrus,cy
dafydd,daf
daniel,daan
daniel,dan
daniel,dani
daniel,danie
daniel,dannie
daniel,danny
daniel,dano
daniel,dany
daniela,dani
daniella,dani
danielle,dani
danielle,danni
danielle,dany
danilo,danny
daniël,daan
daniël,danie
daria,dasha
darren,daz
darya,dasha
dattatray,datta
david,dai
david,dave
david,davey
david,davie
david,davy
david,dudi
david,dudu
deborah,deb
deborah,debbie
deborah,debby
debra,deb
debra,debbie
deirdre,dee
denis,denny
denis,dinny
dennis,denny
derek,del
desmond,des
desmond,desi
desmond,dessie
desmond,dez
diane,dee
diane,di
dieter,didi
dietmar,didi
dimitrije,mita
dimitrios,mimis
dimitrios,takis
dolores,dee
dolores,lola
dolores,lolita
domenico,dom
domenico,mimmo
dominic,dom
dominick,dom
dominique,dom
donal,don
donal,donie
donald,don
donald,donnie
donald,donny
donovan,don
dorothea,dora
dorothea,thea
dorothy,dolly
dorothy,dot
dorothy,dottie
douglas,doug
douglas,dougie
douglass,doug
dragutin,drago
duncan,dunc
dustin,dusty
dušan,duško
ebenezer,eben
edgar,eddie
edgardo,ed
edgardo,edgar
edith,edie
edmund,ed
edmund,eddie
edmund,eddy
edmund,ned
edmund,ted
eduard,ed
eduard,eddie
eduard,eddy
eduard,ede
eduard,edi
eduard,edo
eduard,edu
eduarda,duda
eduardo,dado
eduardo,du
eduardo,dudu
eduardo,ed
eduardo,eddie
eduardo,edu
eduardo,lalo
edward,ed
edward,eddie
edward,eddy
edward,ned
edward,ted
edward,teddy
edwin,ed
edwin,eddie
edwin,eddy
ehud,udi
ekaterina,katya
ekaterine,eka
eleanor,ella
eleanor,ellie
eleanor,nell
eleanor,nellie
eleanora,nora
eleftherios,lefteris
elena,lena
eleonora,nora
elfriede,elfi
elias,eli
eliezer,eli
elijah,eli
elinor,ellie
elisabet,lisa
elisabeth,bep
elisabeth,betsy
elisabeth,betty
elisabeth,elisa
elisabeth,elise
elisabeth,elli
elisabeth,elly
elisabeth,els
elisabeth,else
elisabeth,lies
elisabeth,liesbeth
elisabeth,liesl
elisabeth,lis
elisabeth,lisa
elisabeth,lise
elisabeth,liz
elisabetta,betty
eliyahu,eli
eliza,lizzie
elizabeth,bess
elizabeth,bessie
elizabeth,beth
elizabeth,betsy
elizabeth,bettie
elizabeth,betty
elizabeth,eliza
elizabeth,elsie
elizabeth,libbie
elizabeth,libby
elizabeth,lisa
elizabeth,liz
elizabeth,liza
elizabeth,lizzie
elizabeth,lizzy
elizaveta,liza
ellen,ellie
ellen,nell
ellen,nellie
ellen,nelly
eloise,ellie
elwood,woody
emanuel,manny
emily,em
emma,emmy
emmanouil,manolis
emmanuel,manny
emmanuel,manu
encarnación,encarna
enrico,rico
enrique,kike
enrique,quique
ernest,ern
ernest,ernie
ernestine,erna
ernesto,ernie
erzsébet,erzsi
eugene,gene
eugene,geno
euphemia,effie
eva,evita
evangelia,eva
evangelos,vangelis
evelina,eva
evelyn,eve
evelyn,evie
everett,ev
evert,eef
ezekiel,zeke
fatoumata,fatou
faustino,tino
federico,fede
felicity,flick
felipe,pipe
ferdinand,ferd
ferdinand,ferdi
ferdinand,ferdie
ferdinand,ferry
ferdinando,nando
fergus,fergie
fernando,fer
fernando,fernandinho
fernando,fernandão
fernando,nanding
fernando,nando
filippo,pippo
finlay,fin
florence,flo
florence,florrie
florence,flossie
folashade,shade
frances,fannie
frances,fanny
frances,fran
frances,francie
frances,frankie
francesca,fran
francesca,frankie
francesco,cecco
francesco,checco
francesco,ciccio
francesco,franco
francesco,frank
francis,fran
francis,frank
francis,frankie
francis,franny
francis,kiko
francisca,kika
francisca,paca
francisca,paquita
francisco,chico
francisco,chiquinho
francisco,curro
francisco,fran
francisco,kiko
francisco,paco
francisco,panchito
francisco,pancho
francisco,paquito
francisco,patxi
francisco,quico
francisco,xisco
franciscus,frank
franciscus,frans
frank,frankie
franklin,frank
franklin,frankie
františek,franta
franziska,fanny
franziska,franzi
frederic,fred
frederic,freddie
frederic,freddy
frederick,fred
frederick,freddie
frederick,freddy
frederick,fritz
frederick,rick
frederick,ricky
frederico,fred
frederik,fred
frederik,freek
frederik,frits
frederik,fritz
fredrik,fred
fredrik,freddy
friederike,frieda
friederike,fritzi
friedrich,fritz
frédéric,fred
fábio,fabinho
gabriel,biel
gabriel,gab
gabriel,gabby
gabriel,gabe
gabriel,gabi
gabriel,gabri
gabriel,gaby
gabriela,gabi
gabriela,gaby
gabriele,gabi
gabriele,gaby
gabriella,gabby
gabriella,gabi
gabrielle,gabby
gabrielle,gabi
gabrielle,gaby
gareth,gaz
gary,gaz
geertruida,truus
genevieve,gen
genoveva,veva
geoffrey,geoff
georg,schorsch
george,geordie
george,georgie
george,gigi
georgina,georgie
georgina,gina
georgios,giorgos
gerald,ged
gerald,gerry
gerald,jerry
geraldine,geri
geraldine,gerry
gerard,ged
gerard,gerrit
gerard,gerry
gerard,jerry
gerardo,gerry
gerardus,gerard
gerardus,gerrit
gerhard,gerd
gerhard,gerry
gerrit,gert
gertrud,trude
gertrude,gertie
gertrude,trude
gertrude,trudi
gertrude,trudy
gheorghe,gică
giacomo,jack
gianfranco,franco
gianluigi,gigi
gideon,gidi
gijsbert,gijs
gilbert,bert
gilbert,gib
gilbert,gil
gilberto,gil
gillian,gill
gillian,jill
giorgi,gogi
giovanni,gianni
giovanni,gio
giovanni,nanni
giovanni,nino
giulia,giulietta
giuseppe,beppe
giuseppe,joe
giuseppe,peppe
giuseppe,peppino
giuseppe,pino
giuseppe,pippo
giuseppina,giusy
giuseppina,pina
gordon,gord
gordon,gordie
gordon,gordy
gottfried,götz
grace,gracie
gregor,greg
gregorio,goyo
gregorio,greg
gregory,greg
gregory,gregg
griffin,griff
griffith,griff
guadalupe,lupe
guadalupe,lupita
guilherme,gui
guillermo,guille
guillermo,memo
guillermo,willy
gustaf,gösta
gustav,gus
gustav,gustl
gustave,gus
gustavo,gus
gustavo,tavo
gwendolen,gwen
gwendoline,gwen
gwendolyn,gwen
gwynfor,gwyn
hans,hansi
hans,hasse
harald,harry
harold,hal
harold,harry
harriet,hattie
harrison,harry
hector,hec
heidemarie,heidi
heinrich,hein
heinrich,heiner
heinrich,heini
heinrich,heinz
helen,nell
helena,lena
helene,lene
helene,leni
hendrik,hein
hendrik,henk
hendrik,hennie
hendrika,riek
hendrikus,henk
henricus,henk
henricus,henri
henrietta,etta
henrietta,hetty
henriette,henni
henriette,henny
henriette,jette
henrique,kiko
henry,hal
henry,hank
henry,harry
herbert,bert
herbert,bertie
herbert,herb
herbert,herbie
herman,herm
hermanus,herman
hildegard,hilde
hiroyuki,hiro
howard,howie
hubert,bert
hubert,hub
hubert,hubie
hubertus,huub
hugh,hughie
héctor,tito
hélio,helinho
ibrahim,brahim
ibrahim,ibra
ifeoluwa,ife
ignacio,nacho
ikechukwu,ike
ikenna,ike
immacolata,imma
ingeborg,inge
inmaculada,inma
ioan,ionel
ioan,ionuț
ioannis,giannis
irene,rene
isaac,ike
isabel,bel
isabel,belle
isabel,izzy
isabella,bella
isabella,belle
isabella,isa
isabella,izzy
isabelle,belle
isabelle,isa
isabelle,izzy
isobel,izzy
israel,izzy
ivan,ivica
ivan,ivo
jack,jackie
jaclyn,jackie
jacob,jaap
jacob,jack
jacob,jake
jacoba,cobie
jacoba,coby
jacobus,co
jacobus,jaap
jacobus,jac
jacobus,jaco
jacobus,kobus
jacobus,koos
jacqueline,jackie
jacqueline,jacky
jacqueline,jacqui
jacqueline,jacquie
jacquelyn,jackie
jacques,jacky
jaime,jimmy
jakob,jaap
jakub,kuba
james,jamie
james,jay
james,jem
james,jemmy
james,jim
james,jimbo
james,jimmie
james,jimmy
jan,janne
jan,janus
jane,janie
jane,jenny
janet,jan
janet,jenny
janez,jani
janice,jan
janina,nina
jaroslav,jaro
jarosław,jarek
jasmine,jazzy
jason,jase
jason,jay
javier,javi
jean,jeanie
jean,jeannie
jean-françois,jeff
jean-paul,jp
jean-pierre,jp
jedidiah,jed
jefferson,jeff
jeffrey,jeff
jennifer,jen
jennifer,jenn
jennifer,jenna
jennifer,jennie
jennifer,jenny
jeremiah,jer
jeremiah,jerry
jeremy,jem
jeremy,jerry
jeremy,jez
jerome,jerry
jerzy,jurek
jesse,jess
jessica,jess
jessica,jessi
jessica,jessie
jessica,jessy
jesús,chucho
jesús,chus
jesús,chuy
jillian,jill
joachim,achim
joachim,jo
joakim,jocke
joan,joanie
joan,joni
joanna,jo
joanne,jo
joaquim,quim
joaquín,quino
jocelyn,joss
joel,joe
johan,han
johan,janne
johan,jo
johann,hans
johann,jan
johanna,hanna
johanna,hanni
johanna,hannie
johanna,jo
johanna,joke
johanna,jopie
johanne,hanne
johannes,han
johannes,hannes
johannes,hans
johannes,jan
johannes,jannie
johannes,jo
johannes,johan
johannes,joop
johannes,juhan
johannes,jussi
john,jack
john,jackie
john,jay
john,jock
john,jocky
john,johnnie
john,johnno
john,johnny
jonathan,johnny
jonathan,jon
jonathan,jonnie
jonathan,jonny
jonathan,jonty
jonathon,jon
jonathon,jonny
jordan,jordie
jorge,jorginho
jose,joey
jose,jojo
josef,jo
josef,joe
josef,jupp
josef,pepi
josef,sepp
josef,seppi
josefa,pepa
josefa,pepita
josep,pep
joseph,jo
joseph,jody
joseph,joe
joseph,joey
joseph,jojo
joseph,jos
joseph,joss
joseph,joé
joseph,sepp
josephine,jo
josephine,josie
josephus,joop
josephus,jos
joshua,josh
josiah,joe
josip,jozo
josip,joško
josé,cheo
josé,chepe
josé,joe
josé,joselito
josé,joseíto
josé,pepe
josé,pepín
josé,zeca
josé,zequinha
josé,zezinho
josé,zezé
josé,zé
josé carlos,zeca
josé carlos,zé carlos
josé ignacio,nacho
josé luis,joselu
josé luiz,zé luiz
josé manuel,josema
josé manuel,manu
josé maria,zé maria
josé maría,chema
josé maría,josé mari
josé maría,txema
jovan,jovo
joyce,joy
jozef,jef
jozef,jo
jozef,jos
joão,joãozinho
joão pedro,jp
juan,juancho
juan,juanito
juan,juanín
juan antonio,juanan
juan francisco,juanfran
juan josé,juanjo
juan manuel,juanma
juana,juanita
judith,jude
judith,judi
judith,judy
juho,jussi
julia,julie
julian,jules
juliana,julie
julianne,julie
julius,jules
júlio,julinho
kaarle,kalle
kaarlo,kalle
karin,kajsa
karl,charly
karl,kalle
karolina,lina
katalin,kata
katalin,kati
katarina,karin
katarzyna,kasia
katharina,kathi
katharina,käthe
katharine,kate
katharine,kathy
katharine,katie
katharine,katy
katharine,kay
katharine,kitty
katherine,kat
katherine,kate
katherine,kath
katherine,kathy
katherine,katie
katherine,katy
katherine,kay
katherine,kitty
kathleen,kath
kathleen,kathy
kathleen,katie
kathleen,kay
kathleen,kitty
kathryn,kat
kathryn,kate
kathryn,kath
kathryn,kathy
kathryn,katie
kathryn,kitty
katrina,kat
katrina,katie
katrina,trina
kehinde,kenny
kendrick,ken
kenneth,ken
kenneth,kenny
ketevan,keti
kevin,kev
kimberley,kim
kimberly,kim
konstantin,kosta
konstantin,kostya
konstantinos,dinos
konstantinos,kostas
konstantinos,kostis
kristen,kris
kristian,kris
kristin,kris
kristin,krissy
kristina,kris
kristina,kristi
kristina,stina
kristina,tina
kristine,kris
kristoffer,kris
kristopher,kris
kyriakos,koulis
lachlan,lachie
ladislav,laco
lakshman,lucky
lambertus,bert
lars,lasse
laurence,larry
laurence,laurie
laurence,loz
laurens,lau
lawrence,larry
lawrence,laurie
lawrence,lawrie
lazar,laza
leendert,leen
leonard,len
leonard,lennie
leonard,lenny
leonard,leo
leonard,leon
leonardo,leo
leonardo,léo
leonardus,leo
leonhard,leo
leonora,nora
leopold,leo
leopoldo,leo
leroy,lee
leroy,roy
leslie,les
lester,les
leticia,tish
letitia,tish
lewis,lew
lieselotte,lilo
lilian,lily
liliana,lili
lillian,lil
lillian,lilly
lillian,lily
linda,lin
linda,lindy
lindsay,lin
liselotte,lilo
ljubomir,ljuba
ljubomir,ljubo
llewellyn,llew
llewelyn,llew
lodewijk,lo
lodewijk,lode
lodewijk,lou
lodewijk,louis
lorenzo,loren
lorenzo,renzo
lorraine,lorrie
louis,lou
louis,louie
louisa,louie
louise,lou
louise,loulou
lucas,luke
lucia,lucy
luciana,lu
lucinda,cindy
lucinda,lucy
ludovic,ludo
ludovico,vico
ludovicus,louis
ludvig,ludde
ludwig,lutz
ludwig,wiggerl
luigi,gigi
luigi,gino
luis,lucho
luis,luisito
luis alberto,beto
luis miguel,luismi
luiz,luizinho
luiz,lula
luther,lute
luís,luisinho
lyndon,lyn
lynette,lyn
maciej,maciek
mackenzie,mac
mackenzie,mack
madeleine,maddie
madeleine,maddy
madeleine,mado
madeline,maddie
madeline,maddy
madison,maddie
madison,maddy
magdalena,lena
magdalena,magda
magdalena,maggie
magdolna,magda
maksim,max
malcolm,mal
malcolm,malky
manfred,manni
manuel,lolo
manuel,manel
manuel,manny
manuel,manolo
manuel,manu
manuel,mané
marcelo,chelo
marcelo,marcelinho
marco,marquinho
marcos,marcão
marcos,marquinhos
marcus,marc
marcus,mark
marek,mark
margaret,madge
margaret,maggie
margaret,marg
margaret,marge
margaret,margie
margaret,margot
margaret,meg
margaret,peg
margaret,peggy
margareta,greta
margarete,grete
margaretha,greta
margarethe,grete
margarita,marga
margarita,rita
margrethe,grethe
marguerite,margot
marguerite,rita
maria,marie
maria,marijke
maria,marisa
maria,marja
maria,mary
maria,masha
maria,mia
maria,mieke
maria,mimi
maria,ria
maria,rie
maria josé,zezé
maria luisa,marisa
mariana,mari
marie,mimi
mariko,mari
marilyn,lynn
marinus,rinus
marjorie,madge
marjorie,marge
marjorie,margie
martha,marty
martha,mattie
marthinus,martin
martin,marty
martina,tina
martinus,mart
martinus,martin
martinus,tinus
marvin,marv
mary,mae
mary,mamie
mary,may
mary,moll
mary,mollie
mary,molly
mary,polly
maría,mari
maría,maru
maría carmen,mari carmen
maría del carmen,carmen
maría del pilar,pilar
maría dolores,lola
maría eugenia,maru
maría isabel,maribel
maría luisa,marisa
maría teresa,maite
maría teresa,mayte
massimiliano,max
massimo,max
mathew,mat
mathew,matt
mathew,matty
mathieu,mat
matilda,tillie
matilda,tilly
matthew,matt
matthew,mattie
matthew,matty
maureen,mo
maurice,maury
maurice,mo
maurice,moe
maurice,morrie
maxim,max
maxime,max
maximilian,max
maximilian,maxi
maximiliano,max
maximiliano,maxi
maximilien,max
maximillian,max
maxine,max
maxwell,max
małgorzata,gosia
megan,meg
melanie,mel
melinda,mindy
melissa,mel
melissa,missy
melvin,mel
melvyn,mel
mercedes,merche
mervin,merv
mervyn,merv
micaela,mica
michael,michi
michael,mick
michael,mickey
michael,micky
michael,mike
michael,mikey
michail,michalis
michelle,mickey
michelle,shelley
michelle,shelly
miguel,migue
miguel,miguelito
miguel,miki
miguel,míchel
mikael,micke
mikhail,mischa
mikhail,misha
milagros,mila
mildred,millie
mildred,milly
millicent,millie
milton,milt
miodrag,miki
miriam,mimi
miroslav,miro
miroslava,mirka
mitchell,mitch
mohamed,hamada
mohamed,mido
mohamed,mo
mohammad,mo
mohammed,mo
montague,monty
montgomery,monty
montserrat,montse
mordechai,moti
morris,mo
morris,moe
morris,morrie
mortimer,mort
moses,moe
mário,marinho
narciso,ciso
narendra,naren
natalia,natasha
natalia,talia
natalie,nat
nataliya,natalya
natalya,natasha
natasha,tash
natasha,tasha
nathan,nat
nathan,nate
nathanael,nat
nathanael,nate
nathaniel,nat
nathaniel,nate
natividad,naty
nelson,nels
neville,nev
nicholas,nic
nicholas,nick
nicholas,nicky
nicholas,nico
nicholas,nik
nicola,nicky
nicola,nico
nicola,nikki
nicolaas,klaas
nicolaas,nick
nicolaas,nico
nicolaas,niek
nicolae,nae
nicolae,nicu
nicolas,nic
nicolas,nick
nicolas,nicky
nicole,nici
nicole,nikki
nicolás,nico
nikola,niki
nikola,niko
nikolaos,nikos
nikolaus,niki
nikoloz,nika
nikoloz,niko
nils,nisse
nkosinathi,nathi
nobuyuki,nobu
nompumelelo,mpumi
norbert,nobby
norberto,beto
norman,norm
norman,normie
norman,norrie
obafemi,femi
olabisi,bisi
olanrewaju,lanre
olatunji,tunji
olavi,olli
olawale,ola
olayinka,yinka
oleksandr,les
oleksandr,oles
oleksandr,sasha
olena,lena
oliver,oli
oliver,ollie
oliver,olly
olivia,liv
olivia,livvy
olof,olle
olov,olle
olufela,fela
olufemi,femi
olugbenga,gbenga
olukayode,kayode
olukemi,kemi
olusegun,segun
olutayo,tayo
oluwafemi,femi
oluwasegun,segun
oluwaseyi,seyi
oluwatobi,tobi
oluwatobiloba,tobi
oluwatosin,tosin
omolola,lola
omotayo,tayo
oscar,ozzie
osvaldo,ossie
oswald,ossie
pablo,pablito
pamela,pam
panagiotis,panos
panagiotis,takis
panayiotis,panos
paraskevi,voula
pasquale,pasqualino
patience,pat
patrice,pat
patricia,pat
patricia,patri
patricia,patsy
patricia,patti
patricia,pattie
patricia,patty
patricia,paty
patricia,tish
patricia,tricia
patricia,trish
patricia,trisha
patricio,pato
patrick,packie
patrick,paddy
patrick,pat
patrick,patsy
paul,paulie
paul,pauly
pauline,polly
paulo,paulinho
pavel,pasha
pedro,pedrinho
pedro,pedrito
pedro,perico
penelope,penny
per,pelle
percival,percy
petar,pera
petar,pero
peter,pete
petronella,nel
petronella,petra
petrus,peter
petrus,piet
philip,phil
philip,pip
philippa,pip
philippa,pippa
philippe,phil
philippus,flip
phillip,phil
phillip,pip
pieter,piet
pilar,pili
predrag,peca
predrag,peđa
priscilla,cilla
prudence,pru
prudence,prue
pádraig,paddy
pádraig,paudie
rachel,rae
radomir,rade
radoslav,rade
rafael,fali
rafael,rafa
rafael,rafi
rafael,rafinha
rafaela,rafa
raffaele,raf
ragnhildur,ragga
rajinder,raj
ralph,ralphie
ramon,mon
ramón,moncho
randall,randy
randolph,randy
raphael,rafi
raphael,raph
ravinder,ravi
ravindra,ravi
raymond,ray
rebecca,bec
rebecca,becca
rebecca,becky
rebecca,bex
rebecca,reba
rebekah,becky
regina,gina
reginald,reg
reginald,reggie
renato,renatinho
renato,rene
reuben,rube
reynaldo,rey
ricardo,ricardinho
ricardo,rick
ricardo,ricky
ricardo,rico
riccardo,ricky
richard,dick
richard,dickie
richard,dicky
richard,ric
richard,rich
richard,richie
richard,rick
richard,ricky
richard,rik
richard,ritchie
robert,bert
robert,bertie
robert,bob
robert,bobbie
robert,bobby
robert,rab
robert,rob
robert,robbie
robert,robby
robert,robin
roberta,bobbi
roberta,bobbie
roberto,berto
roberto,beto
roberto,bobby
roberto,rober
roberto,robertinho
robin,robbie
roderic,rod
roderick,rod
roderick,roddy
roderick,rory
rodney,rod
rodolfo,rudy
rodrigo,rod
rodrigo,rodri
rodrigo,rodriguinho
roland,rollie
roland,roly
rolando,rolly
ronald,ron
ronald,ronnie
ronald,ronny
rosa,rosita
rosalie,rose
rosalind,ros
rosalind,roz
rosalyn,roz
rosanna,rosie
rosario,charo
rosemary,rose
rosemary,rosie
rosina,rose
rowland,roly
roxanne,roxy
ruben,rube
rudolf,rudi
rudolf,rudy
rudolf,ruedi
rudolf,ruud
rudolph,rudi
rudolph,rudy
rupert,rupe
russell,russ
russell,rusty
ruth,ruthie
salvador,sal
salvador,salva
salvatore,sal
salvatore,salvo
salvatore,totò
samantha,sam
samantha,sammi
samantha,sammy
samir,sam
samson,sam
samson,sammy
samuel,sam
samuel,sami
samuel,sammie
samuel,sammy
samuel,samu
sandra,sandi
sandra,sandie
sandra,sandy
santiago,santi
sara,sally
sarah,sadie
sarah,sallie
sarah,sally
scott,scottie
scott,scotty
seamus,shay
sebastiaan,bas
sebastian,seb
sebastián,sebas
sebastião,tião
sergio,sergi
seymour,sy
shmuel,shmulik
sidney,sid
siegfried,sigi
sigmund,sig
silas,si
simbarashe,simba
simeon,sim
simon,si
simon,sim
slobodan,boban
sofia,sonya
soledad,sole
solomon,sol
solomon,solly
sophia,sophie
sotirios,sotiris
spyridon,spyros
stanley,stan
stavroula,voula
stefanie,stef
stefanie,steffi
stephanie,steffi
stephanie,steph
stephanie,stevie
stephanus,fanie
stephen,steve
stephen,stevie
stephen,stevo
steven,steve
steven,stevie
stewart,stew
stewart,stewie
stewart,stu
stjepan,stipe
stuart,stu
styliani,stella
stylianos,stelios
sullivan,sully
susan,su
susan,sue
susan,susie
susan,suzi
susan,suzie
susan,suzy
susanna,susan
susannah,susie
susanne,susi
susanne,susie
suzannah,suzie
suzanne,sue
suzanne,suzi
suzanne,suzie
suzanne,suzy
svetlana,lana
sydney,syd
sylvester,sly
sylvester,syl
séamus,shay
sérgio,serginho
tamara,tammy
tatiana,tanya
tatiana,tati
tatjana,tanja
tatyana,tanya
temitope,tope
teodoro,teddy
teodoro,teo
terence,terry
teresa,tere
teresa,teresita
teresa,terri
teresa,terry
teresa,tess
teresa,tessa
teresa,tessie
terrance,terry
terrence,terry
thaddeus,tad
thaddeus,thad
thembisile,thembi
theodoor,theo
theodor,teddy
theodor,theo
theodora,dora
theodora,thea
theodora,theo
theodore,ted
theodore,teddy
theodore,theo
theodoros,theo
theodoros,thodoris
theodorus,dick
theodorus,theo
theofanis,fanis
theophilus,theo
theresa,terri
theresa,terry
theresa,tess
theresa,tessa
theunis,theuns
thiago,thiaguinho
thomas,tam
thomas,thom
thomas,thommy
thomas,tom
thomas,tommie
thomas,tommy
théodore,théo
tiago,tiaguinho
tiffany,tiff
timotheus,tim
timothy,tim
timothy,timmy
tinatin,tina
tobias,tobi
tobias,toby
tobin,toby
tolulope,tolu
tomas,tommy
tomasz,tomek
tomislav,tomo
tomás,tom
tomás,tommy
trenton,trent
trinidad,trini
tristram,tris
tyler,ty
tyrone,ty
uchechukwu,uche
ugochukwu,ugo
ulrich,ueli
ulrich,uli
ulrich,ulli
ulrika,ulla
ursula,ulla
ursula,uschi
valentine,val
valeria,lera
valerie,val
vanessa,van
vasileios,vasilis
vasilije,vasa
vasiliki,vaso
vasiliki,vicky
vernon,vern
veronica,roni
veronica,ronnie
veronica,vera
veronika,vera
vicente,chente
vicente,vic
victor,vic
victoria,tori
victoria,vicki
victoria,vickie
victoria,vicky
viktoria,vika
vilhelm,ville
vincent,vin
vincent,vince
vincent,vini
vincent,vinnie
vincent,vinny
vincenzo,enzo
vincenzo,vince
violet,vi
virginia,ginger
virginia,ginny
vitor,vitinho
vivian,viv
viviane,vivi
vladimir,vlad
vladimir,vlada
vladimir,vlado
vladimir,vlatko
vladimir,vova
vladimír,vlado
vladislav,vlad
vladyslav,vlad
vojislav,voja
vyacheslav,slava
wallace,wally
walter,wally
walter,walt
walter,watty
wesley,wes
wilbert,wil
wilfred,wilf
wilfrid,wilf
wilhelm,ville
wilhelm,willi
wilhelm,willy
wilhelm,wim
wilhelmina,billie
wilhelmina,mien
wilhelmina,mina
wilhelmina,wil
wilhelmina,willy
wilhelmina,wilma
wilhelmine,minna
wilhelmus,willem
wilhelmus,wim
willard,willie
willem,pim
willem,willie
willem,willy
willem,wim
william,bill
william,billy
william,liam
william,wil
william,will
william,willie
william,willy
winfred,win
winifred,freda
winifred,win
winifred,winnie
wojciech,wojtek
woodrow,woody
xabier,xabi
xavier,xavi
ya'akov,kobi
yaakov,kobi
yaroslav,slava
yekaterina,katya
yitzhak,itzik
yolanda,yola
yosef,yossi
zachariah,zach
zachariah,zack
zacharias,zach
zachary,zac
zachary,zach
zachary,zack
zachary,zak
zoltán,zoli
zsuzsanna,zsuzsa
zvonimir,zvonko
ágnes,ági
đorđe,đoko
želimir,željko
αθανάσιοσ,θανάσης
αθανάσιοσ,νάσος
αθανάσιοσ,σάκης
αικατερίνη,κατερίνα
αλέξανδροσ,αλέξης
αναστάσιοσ,τάσος
βασιλική,βίκυ
δημήτριοσ,μίμης
ελευθέριοσ,λευτέρης
εμμανουήλ,μάνος
ευάγγελοσ,βαγγέλης
θεοφάνησ,φάνης
κωνσταντίνοσ,κωστής
κωνσταντίνοσ,κώστας
νικόλαοσ,νίκος
παναγιώτησ,πάνος
σπυρίδων,σπύρος
στυλιανή,στέλλα
στυλιανόσ,στέλιος
χαράλαμποσ,μπάμπης
χαράλαμποσ,χάρης
василије,васа
екатерина,катя
наталья,наташа
љубомир,љуба
אברהם,אבי
אהוד,אודי
אליהו,אלי
אליעזר,אלי
בנימין,בני
דוד,דודו
דניאל,דני
יוסף,יוסי
יעקב,קובי
יצחק,איציק
מרדכי,מוטי
צבי,צביקה
רפאל,רפי
שמואל,שמוליק
ალექსანდრე,სანდრო
თინათინ,თინა
